{"tags":["_fileOrigin_uploaded"],"file_name":"c5b567_8ad0de79bd614a14ad5026d0eb63decf","file_size":12580472,"media_type":"video","original_file_name":"WhatsApp Video 2022-10-12 at 12.30.20 AM.mp4","title":"WhatsApp Video 2022-10-12 at 12.30.20 AM","op_status":"READY","file_input":{"fps":"1445000/159397","video_bitrate":2810443,"audio_bitrate":79863,"type":"video","height":1080,"duration":31879,"width":1920,"display_aspect_ratio":"16:9","rotation":0,"sample_aspect_ratio":"1:1"},"file_output":{"video":[{"key":"1080p.mp4","secure":false,"status":"READY","tag":"HD","url":"video/c5b567_8ad0de79bd614a14ad5026d0eb63decf/1080p/mp4/file.mp4","video_bitrate":6000000,"display_aspect_ratio":"16:9","audio_bitrate":79863,"quality":"1080p","duration":31879,"format":"mp4","width":1920,"fps":"1445000/159397","height":1080},{"key":"720p.mp4","secure":false,"status":"READY","tag":"HD","url":"video/c5b567_8ad0de79bd614a14ad5026d0eb63decf/720p/mp4/file.mp4","video_bitrate":3000000,"display_aspect_ratio":"16:9","audio_bitrate":79863,"quality":"720p","duration":31879,"format":"mp4","width":1280,"fps":"1445000/159397","height":720},{"key":"480p.mp4","secure":false,"status":"READY","tag":"High","url":"video/c5b567_8ad0de79bd614a14ad5026d0eb63decf/480p/mp4/file.mp4","video_bitrate":1200000,"display_aspect_ratio":"427:240","audio_bitrate":79863,"quality":"480p","duration":31879,"format":"mp4","width":854,"fps":"1445000/159397","height":480}],"storyboard":[{"key":"storyboard-144p.mp4","secure":false,"status":"READY","tag":"Low","url":"video/c5b567_8ad0de79bd614a14ad5026d0eb63decf/storyboard/144p/mp4/file.mp4","video_bitrate":100000,"display_aspect_ratio":"16:9","audio_bitrate":-1,"quality":"144p","duration":31879,"format":"mp4","width":256,"fps":"1445000/159397","kind":"video","height":144}],"image":[{"key":"poster.0","secure":false,"status":"READY","url":"media/c5b567_8ad0de79bd614a14ad5026d0eb63decff000.jpg","format":"jpg","width":1920,"height":1080},{"key":"poster.1","secure":false,"status":"READY","url":"media/c5b567_8ad0de79bd614a14ad5026d0eb63decff001.jpg","format":"jpg","width":1920,"height":1080},{"key":"poster.2","secure":false,"status":"READY","url":"media/c5b567_8ad0de79bd614a14ad5026d0eb63decff002.jpg","format":"jpg","width":1920,"height":1080},{"key":"poster.3","secure":false,"status":"READY","url":"media/c5b567_8ad0de79bd614a14ad5026d0eb63decff003.jpg","format":"jpg","width":1920,"height":1080}],"adaptive_video":[{"format":"hls","status":"READY","tag":"HLS","key":"hls.m3u8","url":"site/media/video/c5b567_8ad0de79bd614a14ad5026d0eb63decf/67a6fe02-f56a-41be-a3d1-79487684ac8d/repackage/hls"}]}}