{"tags":[],"errors":[],"config":{"consentPolicy":null,"experiments":{"specs.tagManagerPartytown":"true","specs.tagManagerConfigOverrides":"true","specs.tagManagerRenderTagByPageID":"true","specs.ignoreDisabledAppMarketTemplates":"false","specs.tagManagerEmbedScriptsFreeSites":"true","specs.cookieConsent.OverrideUoUConsentVersion":"false","specs.tagManagerNewSiteEmbedsService":"true","specs.cookieConsent.CcpHostsIntegration":"true","specs.cookieConsent.CcpML_MigrationUoU":"true","specs.returnNonEssentialCustomEmbeds":"true"}}}